Workbook

Sheet Veri_Skor
B1: ÇİKOLATA PLANOGRAM — ÇALIŞMA VERİSİ ve SKOR
B3: AĞIRLIKLAR (değiştirilebilir, toplam=1):
D4: Satış | E4: Net Birim KaR | F4: C2 | G4: Ciro Payı | H4: Nielsen GasSt | I4: Nielsen SPM | J4: Deli2go Payı | K4: TOPLAM
D5: 0.22 | E5: 0.15 | F5: 0.1 | G5: 0.15 | H5: 0.2 | I5: 0.08 | J5: 0.1 | K5: =SUM(D5:J5) -> 1
A7: Ürün ID | B7: SKU | C7: Marka | D7: Alt Kategori | E7: Genişlik (cm) | F7: Satış adeti | G7: Net Birim Kâr | H7: C2 | I7: Ciro Payı | J7: Nielsen GasSt | K7: Nielsen SPM | L7: Satış payı | M7: Kâr payı | N7: C2 payı | O7: CiroP payı | P7: GasSt payı | Q7: SPM payı | R7: Deli2go | S7: SKOR (x1000) | T7: Max Facing | U7: Mevcut önyüz | V7: Min Facing | W7: Ürün Tipi
A8: 1060269341 | B8: ÜLKER ÇİKOLATALI GOFRET 36 GR | C8: ÜLKER | D8: Chocolate | E8: 4.8 | F8: 348723 | G8: 7.12 | H8: 2313507 | I8: 0.0414 | J8: 108202089 | K8: 332006000 | L8: =IF(SUM($F$8:$F$86)=0,0,F8/SUM($F$8:$F$86)) -> 0.13126928 | M8: =IF(SUM($G$8:$G$86)=0,0,G8/SUM($G$8:$G$86)) -> 0.002544211 | N8: =IF(SUM($H$8:$H$86)=0,0,H8/SUM($H$8:$H$86)) -> 0.038191809 | O8: =IF(SUM($I$8:$I$86)=0,0,I8/SUM($I$8:$I$86)) -> 0.047190243 | P8: =IF(SUM($J$8:$J$86)=0,0,J8/SUM($J$8:$J$86)) -> 0.065172155 | Q8: =IF(SUM($K$8:$K$86)=0,0,K8/SUM($K$8:$K$86)) -> 0.074291483 | R8: =IF(C8="DELI2GO",0.05,0) -> 0 | S8: =1000*($D$5*L8+$E$5*M8+$F$5*N8+$G$5*O8+$H$5*P8+$I$5*Q8+$J$5*R8) -> 59.136339 | T8: 4 | U8: 2 | V8: 1 | W8: Mevcut
A9: 1110768239 | B9: TADELLE KİNG SİZE 52 GR. | C9: TADELLE | D9: Chocolate | E9: 5.6 | F9: 107616 | G9: 45.89 | H9: 4938842 | I9: 0.0691 | J9: 179087575 | K9: 198633617 | L9: =IF(SUM($F$8:$F$86)=0,0,F9/SUM($F$8:$F$86)) -> 0.040509729 | M9: =IF(SUM($G$8:$G$86)=0,0,G9/SUM($G$8:$G$86)) -> 0.016398012 | N9: =IF(SUM($H$8:$H$86)=0,0,H9/SUM($H$8:$H$86)) -> 0.081531334 | O9: =IF(SUM($I$8:$I$86)=0,0,I9/SUM($I$8:$I$86)) -> 0.078764391 | P9: =IF(SUM($J$8:$J$86)=0,0,J9/SUM($J$8:$J$86)) -> 0.10786782 | Q9: =IF(SUM($K$8:$K$86)=0,0,K9/SUM($K$8:$K$86)) -> 0.044447347 | R9: =IF(C9="DELI2GO",0.05,0) -> 0 | S9: =1000*($D$5*L9+$E$5*M9+$F$5*N9+$G$5*O9+$H$5*P9+$I$5*Q9+$J$5*R9) -> 56.468986 | T9: 4 | U9: 2 | V9: 1 | W9: Mevcut
A10: 1142203221 | B10: KAHVE DÜNYASI GOFRİK SÜTLÜ | C10: KAHVE DÜNYASI | D10: Chocolate | E10: 4.9 | F10: 147194 | G10: 31.71 | H10: 4667228 | I10: 0.058 | J10: 73591342 | K10: 360343935 | L10: =IF(SUM($F$8:$F$86)=0,0,F10/SUM($F$8:$F$86)) -> 0.055408016 | M10: =IF(SUM($G$8:$G$86)=0,0,G10/SUM($G$8:$G$86)) -> 0.01133103 | N10: =IF(SUM($H$8:$H$86)=0,0,H10/SUM($H$8:$H$86)) -> 0.077047479 | O10: =IF(SUM($I$8:$I$86)=0,0,I10/SUM($I$8:$I$86)) -> 0.066111934 | P10: =IF(SUM($J$8:$J$86)=0,0,J10/SUM($J$8:$J$86)) -> 0.044325451 | Q10: =IF(SUM($K$8:$K$86)=0,0,K10/SUM($K$8:$K$86)) -> 0.080632535 | R10: =IF(C10="DELI2GO",0.05,0) -> 0 | S10: =1000*($D$5*L10+$E$5*M10+$F$5*N10+$G$5*O10+$H$5*P10+$I$5*Q10+$J$5*R10) -> 46.826649 | T10: 4 | U10: 3 | V10: 1 | W10: Mevcut
A11: 1415162484 | B11: TADELLE FINDIK SÜTLÜ ÇİKOLATA 30 GR. | D11: Chocolate | E11: 4.5 | F11: 126564 | G11: 32.3 | H11: 4088224 | I11: 0.0544 | J11: 118926987 | K11: 150760464 | L11: =IF(SUM($F$8:$F$86)=0,0,F11/SUM($F$8:$F$86)) -> 0.047642297 | M11: =IF(SUM($G$8:$G$86)=0,0,G11/SUM($G$8:$G$86)) -> 0.011541856 | N11: =IF(SUM($H$8:$H$86)=0,0,H11/SUM($H$8:$H$86)) -> 0.067489172 | O11: =IF(SUM($I$8:$I$86)=0,0,I11/SUM($I$8:$I$86)) -> 0.062008435 | P11: =IF(SUM($J$8:$J$86)=0,0,J11/SUM($J$8:$J$86)) -> 0.071631963 | Q11: =IF(SUM($K$8:$K$86)=0,0,K11/SUM($K$8:$K$86)) -> 0.033734988 | R11: =IF(C11="DELI2GO",0.05,0) -> 0 | S11: =1000*($D$5*L11+$E$5*M11+$F$5*N11+$G$5*O11+$H$5*P11+$I$5*Q11+$J$5*R11) -> 45.287958 | T11: 3 | U11: 2 | V11: 1 | W11: Mevcut
A12: 1664693043 | B12: ETİ KARAM GOFRET | C12: ETİ | D12: Chocolate | E12: 4.9 | F12: 133104 | G12: 23.5 | H12: 3127838 | I12: 0.0408 | J12: 110021851 | K12: 266800854 | L12: =IF(SUM($F$8:$F$86)=0,0,F12/SUM($F$8:$F$86)) -> 0.050104139 | M12: =IF(SUM($G$8:$G$86)=0,0,G12/SUM($G$8:$G$86)) -> 0.0083973257 | N12: =IF(SUM($H$8:$H$86)=0,0,H12/SUM($H$8:$H$86)) -> 0.051634939 | O12: =IF(SUM($I$8:$I$86)=0,0,I12/SUM($I$8:$I$86)) -> 0.046506326 | P12: =IF(SUM($J$8:$J$86)=0,0,J12/SUM($J$8:$J$86)) -> 0.066268232 | Q12: =IF(SUM($K$8:$K$86)=0,0,K12/SUM($K$8:$K$86)) -> 0.059700822 | R12: =IF(C12="DELI2GO",0.05,0) -> 0 | S12: =1000*($D$5*L12+$E$5*M12+$F$5*N12+$G$5*O12+$H$5*P12+$I$5*Q12+$J$5*R12) -> 42.451664 | T12: 3 | U12: 2 | V12: 1 | W12: Mevcut
A13: 2030509027 | B13: ULKER DIDO 35 GR. (X 24) | C13: ÜLKER | D13: Chocolate | E13: 4.7 | F13: 108865 | G13: 16.4 | H13: 1680810 | I13: 0.0255 | J13: 74144351 | K13: 177685237 | L13: =IF(SUM($F$8:$F$86)=0,0,F13/SUM($F$8:$F$86)) -> 0.040979889 | M13: =IF(SUM($G$8:$G$86)=0,0,G13/SUM($G$8:$G$86)) -> 0.0058602614 | N13: =IF(SUM($H$8:$H$86)=0,0,H13/SUM($H$8:$H$86)) -> 0.027747128 | O13: =IF(SUM($I$8:$I$86)=0,0,I13/SUM($I$8:$I$86)) -> 0.029066454 | P13: =IF(SUM($J$8:$J$86)=0,0,J13/SUM($J$8:$J$86)) -> 0.044658539 | Q13: =IF(SUM($K$8:$K$86)=0,0,K13/SUM($K$8:$K$86)) -> 0.039759823 | R13: =IF(C13="DELI2GO",0.05,0) -> 0 | S13: =1000*($D$5*L13+$E$5*M13+$F$5*N13+$G$5*O13+$H$5*P13+$I$5*Q13+$J$5*R13) -> 29.141789 | T13: 4 | U13: 2 | V13: 1 | W13: Mevcut
A14: 2064454438 | B14: ETİ CANGA 45gr | C14: ETİ | D14: Chocolate | E14: 5.1 | F14: 101588 | G14: 18.3 | H14: 1859322 | I14: 0.0258 | J14: 68605012 | K14: 173409844 | L14: =IF(SUM($F$8:$F$86)=0,0,F14/SUM($F$8:$F$86)) -> 0.038240618 | M14: =IF(SUM($G$8:$G$86)=0,0,G14/SUM($G$8:$G$86)) -> 0.0065391941 | N14: =IF(SUM($H$8:$H$86)=0,0,H14/SUM($H$8:$H$86)) -> 0.030694038 | O14: =IF(SUM($I$8:$I$86)=0,0,I14/SUM($I$8:$I$86)) -> 0.029408412 | P14: =IF(SUM($J$8:$J$86)=0,0,J14/SUM($J$8:$J$86)) -> 0.04132209 | Q14: =IF(SUM($K$8:$K$86)=0,0,K14/SUM($K$8:$K$86)) -> 0.038803138 | R14: =IF(C14="DELI2GO",0.05,0) -> 0 | S14: =1000*($D$5*L14+$E$5*M14+$F$5*N14+$G$5*O14+$H$5*P14+$I$5*Q14+$J$5*R14) -> 28.24315 | T14: 3 | U14: 2 | V14: 1 | W14: Mevcut
A15: 2155500563 | B15: ÜLKER ALBENİ | C15: ÜLKER | D15: Chocolate | E15: 4.9 | F15: 113921 | G15: 12.29 | H15: 1320251 | I15: 0.0194 | J15: 48060880 | K15: 122492823 | L15: =IF(SUM($F$8:$F$86)=0,0,F15/SUM($F$8:$F$86)) -> 0.042883111 | M15: =IF(SUM($G$8:$G$86)=0,0,G15/SUM($G$8:$G$86)) -> 0.0043916227 | N15: =IF(SUM($H$8:$H$86)=0,0,H15/SUM($H$8:$H$86)) -> 0.021794952 | O15: =IF(SUM($I$8:$I$86)=0,0,I15/SUM($I$8:$I$86)) -> 0.022113302 | P15: =IF(SUM($J$8:$J$86)=0,0,J15/SUM($J$8:$J$86)) -> 0.028947973 | Q15: =IF(SUM($K$8:$K$86)=0,0,K15/SUM($K$8:$K$86)) -> 0.027409666 | R15: =IF(C15="DELI2GO",0.05,0) -> 0 | S15: =1000*($D$5*L15+$E$5*M15+$F$5*N15+$G$5*O15+$H$5*P15+$I$5*Q15+$J$5*R15) -> 23.571886 | T15: 4 | U15: 2 | V15: 1 | W15: Mevcut
A16: 2461983573 | B16: ÜLKER ÇOKONAT | C16: ÜLKER | D16: Chocolate | E16: 4.9 | F16: 96479 | G16: 12.85 | H16: 1158138 | I16: 0.02 | J16: 50074475 | K16: 77776529 | L16: =IF(SUM($F$8:$F$86)=0,0,F16/SUM($F$8:$F$86)) -> 0.036317445 | M16: =IF(SUM($G$8:$G$86)=0,0,G16/SUM($G$8:$G$86)) -> 0.0045917292 | N16: =IF(SUM($H$8:$H$86)=0,0,H16/SUM($H$8:$H$86)) -> 0.01911876 | O16: =IF(SUM($I$8:$I$86)=0,0,I16/SUM($I$8:$I$86)) -> 0.022797219 | P16: =IF(SUM($J$8:$J$86)=0,0,J16/SUM($J$8:$J$86)) -> 0.030160799 | Q16: =IF(SUM($K$8:$K$86)=0,0,K16/SUM($K$8:$K$86)) -> 0.017403703 | R16: =IF(C16="DELI2GO",0.05,0) -> 0 | S16: =1000*($D$5*L16+$E$5*M16+$F$5*N16+$G$5*O16+$H$5*P16+$I$5*Q16+$J$5*R16) -> 21.434512 | T16: 4 | U16: 2 | V16: 1 | W16: Mevcut
A17: 2766566614 | B17: ETİ BOL ANTEP FISTIKLI ÇİKOLATA BATON | C17: ETİ | D17: Chocolate | E17: 4.9 | F17: 60856 | G17: 34.72 | H17: 2112660 | I17: 0.0296 | J17: 30979502 | K17: 36319437 | L17: =IF(SUM($F$8:$F$86)=0,0,F17/SUM($F$8:$F$86)) -> 0.022907933 | M17: =IF(SUM($G$8:$G$86)=0,0,G17/SUM($G$8:$G$86)) -> 0.012406602 | N17: =IF(SUM($H$8:$H$86)=0,0,H17/SUM($H$8:$H$86)) -> 0.034876189 | O17: =IF(SUM($I$8:$I$86)=0,0,I17/SUM($I$8:$I$86)) -> 0.033739884 | P17: =IF(SUM($J$8:$J$86)=0,0,J17/SUM($J$8:$J$86)) -> 0.018659537 | Q17: =IF(SUM($K$8:$K$86)=0,0,K17/SUM($K$8:$K$86)) -> 0.0081270364 | R17: =IF(C17="DELI2GO",0.05,0) -> 0 | S17: =1000*($D$5*L17+$E$5*M17+$F$5*N17+$G$5*O17+$H$5*P17+$I$5*Q17+$J$5*R17) -> 19.831407 | T17: 3 | U17: 2 | V17: 1 | W17: Mevcut
A18: 2813410345 | B18: SNICKERS 50 GR. | C18: SNICKERS | D18: Chocolate | E18: 5.2 | F18: 49795 | G18: 31.81 | H18: 1340020 | I18: 0.0199 | J18: 48496096 | K18: 48855448 | L18: =IF(SUM($F$8:$F$86)=0,0,F18/SUM($F$8:$F$86)) -> 0.018744257 | M18: =IF(SUM($G$8:$G$86)=0,0,G18/SUM($G$8:$G$86)) -> 0.011366763 | N18: =IF(SUM($H$8:$H$86)=0,0,H18/SUM($H$8:$H$86)) -> 0.022121303 | O18: =IF(SUM($I$8:$I$86)=0,0,I18/SUM($I$8:$I$86)) -> 0.022683233 | P18: =IF(SUM($J$8:$J$86)=0,0,J18/SUM($J$8:$J$86)) -> 0.029210112 | Q18: =IF(SUM($K$8:$K$86)=0,0,K18/SUM($K$8:$K$86)) -> 0.010932163 | R18: =IF(C18="DELI2GO",0.05,0) -> 0 | S18: =1000*($D$5*L18+$E$5*M18+$F$5*N18+$G$5*O18+$H$5*P18+$I$5*Q18+$J$5*R18) -> 18.159962 | T18: 4 | U18: 2 | V18: 1 | W18: Mevcut
A19: 2860007896 | B19: ETİ ÇİKOLATALI GOFRET HOŞBEŞ ÇITIRLIĞI | C19: ETİ | D19: Chocolate | E19: 4.9 | F19: 86848 | G19: 5.78 | H19: 501563 | I19: 0.0102 | J19: 45745671 | K19: 103918063 | L19: =IF(SUM($F$8:$F$86)=0,0,F19/SUM($F$8:$F$86)) -> 0.032692062 | M19: =IF(SUM($G$8:$G$86)=0,0,G19/SUM($G$8:$G$86)) -> 0.0020653848 | N19: =IF(SUM($H$8:$H$86)=0,0,H19/SUM($H$8:$H$86)) -> 0.0082798965 | O19: =IF(SUM($I$8:$I$86)=0,0,I19/SUM($I$8:$I$86)) -> 0.011626582 | P19: =IF(SUM($J$8:$J$86)=0,0,J19/SUM($J$8:$J$86)) -> 0.027553479 | Q19: =IF(SUM($K$8:$K$86)=0,0,K19/SUM($K$8:$K$86)) -> 0.023253276 | R19: =IF(C19="DELI2GO",0.05,0) -> 0 | S19: =1000*($D$5*L19+$E$5*M19+$F$5*N19+$G$5*O19+$H$5*P19+$I$5*Q19+$J$5*R19) -> 17.444996 | T19: 3 | U19: 1 | V19: 1 | W19: Mevcut
A20: 2931252818 | B20: ÜLKER ÇİKOLATA KADAYIF DUBAİ LEZ. 93GR | C20: ÜLKER | D20: Chocolate | E20: 6.8 | F20: 8951 | G20: 91.46 | H20: 776203 | I20: 0.0104 | J20: 27091149 | K20: 289750382 | L20: =IF(SUM($F$8:$F$86)=0,0,F20/SUM($F$8:$F$86)) -> 0.0033694115 | M20: =IF(SUM($G$8:$G$86)=0,0,G20/SUM($G$8:$G$86)) -> 0.032681677 | N20: =IF(SUM($H$8:$H$86)=0,0,H20/SUM($H$8:$H$86)) -> 0.012813705 | O20: =IF(SUM($I$8:$I$86)=0,0,I20/SUM($I$8:$I$86)) -> 0.011854554 | P20: =IF(SUM($J$8:$J$86)=0,0,J20/SUM($J$8:$J$86)) -> 0.016317509 | Q20: =IF(SUM($K$8:$K$86)=0,0,K20/SUM($K$8:$K$86)) -> 0.064836134 | R20: =IF(C20="DELI2GO",0.05,0) -> 0 | S20: =1000*($D$5*L20+$E$5*M20+$F$5*N20+$G$5*O20+$H$5*P20+$I$5*Q20+$J$5*R20) -> 17.153468 | T20: 3 | U20: 1 | V20: 1 | W20: Mevcut
A21: 2964723331 | B21: KINDER BUENO T.2 44 GR. | C21: KINDER | D21: Chocolate | E21: 5 | F21: 57947 | G21: 28.31 | H21: 1640538 | I21: 0.024 | J21: 23646367 | K21: 44405587 | L21: =IF(SUM($F$8:$F$86)=0,0,F21/SUM($F$8:$F$86)) -> 0.021812902 | M21: =IF(SUM($G$8:$G$86)=0,0,G21/SUM($G$8:$G$86)) -> 0.010116097 | N21: =IF(SUM($H$8:$H$86)=0,0,H21/SUM($H$8:$H$86)) -> 0.02708231 | O21: =IF(SUM($I$8:$I$86)=0,0,I21/SUM($I$8:$I$86)) -> 0.027356662 | P21: =IF(SUM($J$8:$J$86)=0,0,J21/SUM($J$8:$J$86)) -> 0.014242652 | Q21: =IF(SUM($K$8:$K$86)=0,0,K21/SUM($K$8:$K$86)) -> 0.0099364377 | R21: =IF(C21="DELI2GO",0.05,0) -> 0 | S21: =1000*($D$5*L21+$E$5*M21+$F$5*N21+$G$5*O21+$H$5*P21+$I$5*Q21+$J$5*R21) -> 16.771429 | T21: 2 | U21: 1 | V21: 1 | W21: Mevcut
A22: 3018807828 | B22: ÜLKER COCO STAR 36GR | C22: ÜLKER | D22: Chocolate | E22: 4.8 | F22: 74810 | G22: 12.66 | H22: 903067 | I22: 0.0108 | J22: 36396363 | K22: 79067572 | L22: =IF(SUM($F$8:$F$86)=0,0,F22/SUM($F$8:$F$86)) -> 0.028160616 | M22: =IF(SUM($G$8:$G$86)=0,0,G22/SUM($G$8:$G$86)) -> 0.0045238359 | N22: =IF(SUM($H$8:$H$86)=0,0,H22/SUM($H$8:$H$86)) -> 0.014908 | O22: =IF(SUM($I$8:$I$86)=0,0,I22/SUM($I$8:$I$86)) -> 0.012310498 | P22: =IF(SUM($J$8:$J$86)=0,0,J22/SUM($J$8:$J$86)) -> 0.021922215 | Q22: =IF(SUM($K$8:$K$86)=0,0,K22/SUM($K$8:$K$86)) -> 0.017692594 | R22: =IF(C22="DELI2GO",0.05,0) -> 0 | S22: =1000*($D$5*L22+$E$5*M22+$F$5*N22+$G$5*O22+$H$5*P22+$I$5*Q22+$J$5*R22) -> 16.011136 | T22: 3 | U22: 1 | V22: 1 | W22: Mevcut
A23: 3231723970 | B23: SNICKERS 2 PACK 80gr | C23: SNICKERS | D23: Chocolate | E23: 6.4 | F23: 42696 | G23: 47.68 | H23: 1726191 | I23: 0.0252 | J23: 18500599 | K23: 20590959 | L23: =IF(SUM($F$8:$F$86)=0,0,F23/SUM($F$8:$F$86)) -> 0.016071991 | M23: =IF(SUM($G$8:$G$86)=0,0,G23/SUM($G$8:$G$86)) -> 0.017037638 | N23: =IF(SUM($H$8:$H$86)=0,0,H23/SUM($H$8:$H$86)) -> 0.028496286 | O23: =IF(SUM($I$8:$I$86)=0,0,I23/SUM($I$8:$I$86)) -> 0.028724496 | P23: =IF(SUM($J$8:$J$86)=0,0,J23/SUM($J$8:$J$86)) -> 0.011143259 | Q23: =IF(SUM($K$8:$K$86)=0,0,K23/SUM($K$8:$K$86)) -> 0.0046075459 | R23: =IF(C23="DELI2GO",0.05,0) -> 0 | S23: =1000*($D$5*L23+$E$5*M23+$F$5*N23+$G$5*O23+$H$5*P23+$I$5*Q23+$J$5*R23) -> 15.847042 | T23: 4 | U23: 2 | V23: 1 | W23: Mevcut
... A31: 4507963309 | B31: ÜLKER METRO 36GR | C31: ÜLKER | D31: Chocolate | E31: 4.8 | F31: 55699 | G31: 11.37 | H31: 598544 | I31: 0.0085 | J31: 24421721 | K31: 59488033 | L31: =IF(SUM($F$8:$F$86)=0,0,F31/SUM($F$8:$F$86)) -> 0.020966691 | M31: =IF(SUM($G$8:$G$86)=0,0,G31/SUM($G$8:$G$86)) -> 0.0040628763 | N31: =IF(SUM($H$8:$H$86)=0,0,H31/SUM($H$8:$H$86)) -> 0.0098808771 | O31: =IF(SUM($I$8:$I$86)=0,0,I31/SUM($I$8:$I$86)) -> 0.009688818 | P31: =IF(SUM($J$8:$J$86)=0,0,J31/SUM($J$8:$J$86)) -> 0.014709662 | Q31: =IF(SUM($K$8:$K$86)=0,0,K31/SUM($K$8:$K$86)) -> 0.013311369 | R31: =IF(C31="DELI2GO",0.05,0) -> 0 | S31: =1000*($D$5*L31+$E$5*M31+$F$5*N31+$G$5*O31+$H$5*P31+$I$5*Q31+$J$5*R31) -> 11.670356 | T31: 3 | U31: 1 | V31: 1 | W31: Mevcut
A32: 4805002643 | B32: ULKER SUTLU 60 GR. | D32: Chocolate | E32: 5.6 | F32: 11100 | G32: 52.18 | H32: 550014 | I32: 0.0071 | J32: 16236698 | K32: 195008633 | L32: =IF(SUM($F$8:$F$86)=0,0,F32/SUM($F$8:$F$86)) -> 0.0041783563 | M32: =IF(SUM($G$8:$G$86)=0,0,G32/SUM($G$8:$G$86)) -> 0.018645636 | N32: =IF(SUM($H$8:$H$86)=0,0,H32/SUM($H$8:$H$86)) -> 0.0090797347 | O32: =IF(SUM($I$8:$I$86)=0,0,I32/SUM($I$8:$I$86)) -> 0.0080930127 | P32: =IF(SUM($J$8:$J$86)=0,0,J32/SUM($J$8:$J$86)) -> 0.0097796689 | Q32: =IF(SUM($K$8:$K$86)=0,0,K32/SUM($K$8:$K$86)) -> 0.043636201 | R32: =IF(C32="DELI2GO",0.05,0) -> 0 | S32: =1000*($D$5*L32+$E$5*M32+$F$5*N32+$G$5*O32+$H$5*P32+$I$5*Q32+$J$5*R32) -> 11.284839 | T32: 3 | U32: 1 | V32: 1 | W32: Mevcut
A33: 4812946371 | B33: KINDER CHOCOLATE T4 50 GR. | D33: Chocolate | E33: 5.2 | F33: 27498 | G33: 38.21 | H33: 1050625 | I33: 0.0148 | J33: 15235512 | K33: 38411853 | L33: =IF(SUM($F$8:$F$86)=0,0,F33/SUM($F$8:$F$86)) -> 0.010351031 | M33: =IF(SUM($G$8:$G$86)=0,0,G33/SUM($G$8:$G$86)) -> 0.013653694 | N33: =IF(SUM($H$8:$H$86)=0,0,H33/SUM($H$8:$H$86)) -> 0.017343915 | O33: =IF(SUM($I$8:$I$86)=0,0,I33/SUM($I$8:$I$86)) -> 0.016869942 | P33: =IF(SUM($J$8:$J$86)=0,0,J33/SUM($J$8:$J$86)) -> 0.0091766357 | Q33: =IF(SUM($K$8:$K$86)=0,0,K33/SUM($K$8:$K$86)) -> 0.0085952469 | R33: =IF(C33="DELI2GO",0.05,0) -> 0 | S33: =1000*($D$5*L33+$E$5*M33+$F$5*N33+$G$5*O33+$H$5*P33+$I$5*Q33+$J$5*R33) -> 11.113111 | T33: 3 | U33: 2 | V33: 1 | W33: Mevcut
A34: 4896678781 | B34: ETİ AHENK GURME | D34: Chocolate | E34: 4.9 | F34: 33269 | G34: 23.56 | H34: 783732 | I34: 0.0102 | J34: 23907668 | K34: 43927598 | L34: =IF(SUM($F$8:$F$86)=0,0,F34/SUM($F$8:$F$86)) -> 0.0125234 | M34: =IF(SUM($G$8:$G$86)=0,0,G34/SUM($G$8:$G$86)) -> 0.0084187657 | N34: =IF(SUM($H$8:$H$86)=0,0,H34/SUM($H$8:$H$86)) -> 0.012937995 | O34: =IF(SUM($I$8:$I$86)=0,0,I34/SUM($I$8:$I$86)) -> 0.011626582 | P34: =IF(SUM($J$8:$J$86)=0,0,J34/SUM($J$8:$J$86)) -> 0.014400039 | Q34: =IF(SUM($K$8:$K$86)=0,0,K34/SUM($K$8:$K$86)) -> 0.0098294802 | R34: =IF(C34="DELI2GO",0.05,0) -> 0 | S34: =1000*($D$5*L34+$E$5*M34+$F$5*N34+$G$5*O34+$H$5*P34+$I$5*Q34+$J$5*R34) -> 10.722116 | T34: 3 | U34: 1 | V34: 1 | W34: Mevcut
A35: 4957854121 | B35: KAHVE DÜNYASI GOFRİK BİTTER | D35: Chocolate | E35: 4.9 | F35: 31527 | G35: 33.48 | H35: 1055563 | I35: 0.0126 | J35: 15715696 | K35: 21394274 | L35: =IF(SUM($F$8:$F$86)=0,0,F35/SUM($F$8:$F$86)) -> 0.011867661 | M35: =IF(SUM($G$8:$G$86)=0,0,G35/SUM($G$8:$G$86)) -> 0.011963509 | N35: =IF(SUM($H$8:$H$86)=0,0,H35/SUM($H$8:$H$86)) -> 0.017425433 | O35: =IF(SUM($I$8:$I$86)=0,0,I35/SUM($I$8:$I$86)) -> 0.014362248 | P35: =IF(SUM($J$8:$J$86)=0,0,J35/SUM($J$8:$J$86)) -> 0.0094658596 | Q35: =IF(SUM($K$8:$K$86)=0,0,K35/SUM($K$8:$K$86)) -> 0.0047873001 | R35: =IF(C35="DELI2GO",0.05,0) -> 0 | S35: =1000*($D$5*L35+$E$5*M35+$F$5*N35+$G$5*O35+$H$5*P35+$I$5*Q35+$J$5*R35) -> 10.578448 | T35: 3 | U35: 1 | V35: 1 | W35: Mevcut
A36: 5016034588 | B36: KINDER JOY T1 ERKEK *24 | D36: Chocolate | E36: 6 | F36: 30051 | G36: 26.94 | H36: 809721 | I36: 0.0119 | J36: 17275882 | K36: 58335945 | L36: =IF(SUM($F$8:$F$86)=0,0,F36/SUM($F$8:$F$86)) -> 0.011312053 | M36: =IF(SUM($G$8:$G$86)=0,0,G36/SUM($G$8:$G$86)) -> 0.0096265513 | N36: =IF(SUM($H$8:$H$86)=0,0,H36/SUM($H$8:$H$86)) -> 0.013367027 | O36: =IF(SUM($I$8:$I$86)=0,0,I36/SUM($I$8:$I$86)) -> 0.013564345 | P36: =IF(SUM($J$8:$J$86)=0,0,J36/SUM($J$8:$J$86)) -> 0.010405589 | Q36: =IF(SUM($K$8:$K$86)=0,0,K36/SUM($K$8:$K$86)) -> 0.013053571 | R36: =IF(C36="DELI2GO",0.05,0) -> 0 | S36: =1000*($D$5*L36+$E$5*M36+$F$5*N36+$G$5*O36+$H$5*P36+$I$5*Q36+$J$5*R36) -> 10.429392 | T36: 4 | U36: 2 | V36: 1 | W36: Mevcut
A37: 5145795381 | B37: ULKER ANTEP FISTIKLI SUTLU 30 GR. | D37: Chocolate | E37: 4.5 | F37: 33637 | G37: 28.53 | H37: 900264 | I37: 0.0145 | J37: 14028383 | K37: 15547310 | L37: =IF(SUM($F$8:$F$86)=0,0,F37/SUM($F$8:$F$86)) -> 0.012661925 | M37: =IF(SUM($G$8:$G$86)=0,0,G37/SUM($G$8:$G$86)) -> 0.010194711 | N37: =IF(SUM($H$8:$H$86)=0,0,H37/SUM($H$8:$H$86)) -> 0.014861728 | O37: =IF(SUM($I$8:$I$86)=0,0,I37/SUM($I$8:$I$86)) -> 0.016527984 | P37: =IF(SUM($J$8:$J$86)=0,0,J37/SUM($J$8:$J$86)) -> 0.0084495592 | Q37: =IF(SUM($K$8:$K$86)=0,0,K37/SUM($K$8:$K$86)) -> 0.0034789513 | R37: =IF(C37="DELI2GO",0.05,0) -> 0 | S37: =1000*($D$5*L37+$E$5*M37+$F$5*N37+$G$5*O37+$H$5*P37+$I$5*Q37+$J$5*R37) -> 10.248428 | T37: 4 | U37: 2 | V37: 1 | W37: Mevcut
A38: 5295886288 | B38: ETİ MAXIMUS LOADING 50GR. | D38: Chocolate | E38: 5.2 | F38: 28679 | G38: 21.34 | H38: 611932 | I38: 0.0075 | J38: 22463216 | K38: 50401122 | L38: =IF(SUM($F$8:$F$86)=0,0,F38/SUM($F$8:$F$86)) -> 0.010795593 | M38: =IF(SUM($G$8:$G$86)=0,0,G38/SUM($G$8:$G$86)) -> 0.0076254864 | N38: =IF(SUM($H$8:$H$86)=0,0,H38/SUM($H$8:$H$86)) -> 0.010101889 | O38: =IF(SUM($I$8:$I$86)=0,0,I38/SUM($I$8:$I$86)) -> 0.008548957 | P38: =IF(SUM($J$8:$J$86)=0,0,J38/SUM($J$8:$J$86)) -> 0.013530018 | Q38: =IF(SUM($K$8:$K$86)=0,0,K38/SUM($K$8:$K$86)) -> 0.011278031 | R38: =IF(C38="DELI2GO",0.05,0) -> 0 | S38: =1000*($D$5*L38+$E$5*M38+$F$5*N38+$G$5*O38+$H$5*P38+$I$5*Q38+$J$5*R38) -> 9.4196319 | T38: 3 | U38: 1 | V38: 1 | W38: Mevcut
A39: 5657605176 | B39: ETİ ANTEP FISTIKLI ÇİKOLATA KARE 60 GR | D39: Chocolate | E39: 9 | F39: 6807 | G39: 71.96 | H39: 489823 | I39: 0.0067 | J39: 17076813 | K39: 66324356 | L39: =IF(SUM($F$8:$F$86)=0,0,F39/SUM($F$8:$F$86)) -> 0.0025623488 | M39: =IF(SUM($G$8:$G$86)=0,0,G39/SUM($G$8:$G$86)) -> 0.025713683 | N39: =IF(SUM($H$8:$H$86)=0,0,H39/SUM($H$8:$H$86)) -> 0.0080860903 | O39: =IF(SUM($I$8:$I$86)=0,0,I39/SUM($I$8:$I$86)) -> 0.0076370683 | P39: =IF(SUM($J$8:$J$86)=0,0,J39/SUM($J$8:$J$86)) -> 0.010285686 | Q39: =IF(SUM($K$8:$K$86)=0,0,K39/SUM($K$8:$K$86)) -> 0.014841102 | R39: =IF(C39="DELI2GO",0.05,0) -> 0 | S39: =1000*($D$5*L39+$E$5*M39+$F$5*N39+$G$5*O39+$H$5*P39+$I$5*Q39+$J$5*R39) -> 9.6193638 | T39: 2 | U39: 1 | V39: 1 | W39: Mevcut
A40: 5717480361 | B40: ÜLKER ÇİKOLATALI GOFRET BİTTER 36GRx24 | D40: Chocolate | E40: 4.8 | F40: 57850 | G40: 6.98 | H40: 376083 | I40: 0.0068 | J40: 12617897 | K40: 35592012 | L40: =IF(SUM($F$8:$F$86)=0,0,F40/SUM($F$8:$F$86)) -> 0.021776389 | M40: =IF(SUM($G$8:$G$86)=0,0,G40/SUM($G$8:$G$86)) -> 0.0024941844 | N40: =IF(SUM($H$8:$H$86)=0,0,H40/SUM($H$8:$H$86)) -> 0.006208449 | O40: =IF(SUM($I$8:$I$86)=0,0,I40/SUM($I$8:$I$86)) -> 0.0077510544 | P40: =IF(SUM($J$8:$J$86)=0,0,J40/SUM($J$8:$J$86)) -> 0.0075999969 | Q40: =IF(SUM($K$8:$K$86)=0,0,K40/SUM($K$8:$K$86)) -> 0.0079642638 | R40: =IF(C40="DELI2GO",0.05,0) -> 0 | S40: =1000*($D$5*L40+$E$5*M40+$F$5*N40+$G$5*O40+$H$5*P40+$I$5*Q40+$J$5*R40) -> 9.1055767 | T40: 3 | U40: 1 | V40: 1 | W40: Mevcut
A41: 5750809102 | B41: ÜLKER ÇOKONAT ANTEP FISTIKLI 30GR | D41: Chocolate | E41: 4.5 | F41: 27295 | G41: 17.51 | H41: 447697 | I41: 0.0074 | J41: 17367662 | K41: 87551774 | L41: =IF(SUM($F$8:$F$86)=0,0,F41/SUM($F$8:$F$86)) -> 0.010274616 | M41: =IF(SUM($G$8:$G$86)=0,0,G41/SUM($G$8:$G$86)) -> 0.006256901 | N41: =IF(SUM($H$8:$H$86)=0,0,H41/SUM($H$8:$H$86)) -> 0.0073906664 | O41: =IF(SUM($I$8:$I$86)=0,0,I41/SUM($I$8:$I$86)) -> 0.0084349709 | P41: =IF(SUM($J$8:$J$86)=0,0,J41/SUM($J$8:$J$86)) -> 0.01046087 | Q41: =IF(SUM($K$8:$K$86)=0,0,K41/SUM($K$8:$K$86)) -> 0.019591065 | R41: =IF(C41="DELI2GO",0.05,0) -> 0 | S41: =1000*($D$5*L41+$E$5*M41+$F$5*N41+$G$5*O41+$H$5*P41+$I$5*Q41+$J$5*R41) -> 8.8627221 | T41: 3 | U41: 1 | V41: 1 | W41: Mevcut
A42: 5770577141 | B42: NESTLE DAMAK KARE 60 GR. | D42: Chocolate | E42: 9 | F42: 5939 | G42: 72.33 | H42: 401353 | I42: 0.0059 | J42: 14621461 | K42: 58234906 | L42: =IF(SUM($F$8:$F$86)=0,0,F42/SUM($F$8:$F$86)) -> 0.0022356089 | M42: =IF(SUM($G$8:$G$86)=0,0,G42/SUM($G$8:$G$86)) -> 0.025845897 | N42: =IF(SUM($H$8:$H$86)=0,0,H42/SUM($H$8:$H$86)) -> 0.0066256109 | O42: =IF(SUM($I$8:$I$86)=0,0,I42/SUM($I$8:$I$86)) -> 0.0067251795 | P42: =IF(SUM($J$8:$J$86)=0,0,J42/SUM($J$8:$J$86)) -> 0.0088067812 | Q42: =IF(SUM($K$8:$K$86)=0,0,K42/SUM($K$8:$K$86)) -> 0.013030962 | R42: =IF(C42="DELI2GO",0.05,0) -> 0 | S42: =1000*($D$5*L42+$E$5*M42+$F$5*N42+$G$5*O42+$H$5*P42+$I$5*Q42+$J$5*R42) -> 8.8438897 | T42: 3 | U42: 1 | V42: 1 | W42: Mevcut
A43: 5795107404 | B43: KAHVE DÜNYASI FRUTİBON ÇİLEK 50GR | D43: Chocolate | E43: 10 | F43: 5006 | G43: 108.65 | H43: 543927 | I43: 0.0058 | J43: 2710664 | K43: 10037955 | L43: =IF(SUM($F$8:$F$86)=0,0,F43/SUM($F$8:$F$86)) -> 0.0018844011 | M43: =IF(SUM($G$8:$G$86)=0,0,G43/SUM($G$8:$G$86)) -> 0.038824231 | N43: =IF(SUM($H$8:$H$86)=0,0,H43/SUM($H$8:$H$86)) -> 0.0089792494 | O43: =IF(SUM($I$8:$I$86)=0,0,I43/SUM($I$8:$I$86)) -> 0.0066111934 | P43: =IF(SUM($J$8:$J$86)=0,0,J43/SUM($J$8:$J$86)) -> 0.001632684 | Q43: =IF(SUM($K$8:$K$86)=0,0,K43/SUM($K$8:$K$86)) -> 0.0022461479 | R43: =IF(C43="DELI2GO",0.05,0) -> 0 | S43: =1000*($D$5*L43+$E$5*M43+$F$5*N43+$G$5*O43+$H$5*P43+$I$5*Q43+$J$5*R43) -> 8.6340355 | T43: 2 | U43: 1 | V43: 1 | W43: Mevcut
... A85: 9917726066 | B85: TADELLE GOFRET 28 GR. | D85: Chocolate | E85: 4.5 | F85: 0 | G85: 0 | H85: 0 | I85: 0.0032 | J85: 0 | K85: 0 | L85: =IF(SUM($F$8:$F$86)=0,0,F85/SUM($F$8:$F$86)) -> 0 | M85: =IF(SUM($G$8:$G$86)=0,0,G85/SUM($G$8:$G$86)) -> 0 | N85: =IF(SUM($H$8:$H$86)=0,0,H85/SUM($H$8:$H$86)) -> 0 | O85: =IF(SUM($I$8:$I$86)=0,0,I85/SUM($I$8:$I$86)) -> 0.003647555 | P85: =IF(SUM($J$8:$J$86)=0,0,J85/SUM($J$8:$J$86)) -> 0 | Q85: =IF(SUM($K$8:$K$86)=0,0,K85/SUM($K$8:$K$86)) -> 0 | R85: =IF(C85="DELI2GO",0.05,0) -> 0 | S85: =1000*($D$5*L85+$E$5*M85+$F$5*N85+$G$5*O85+$H$5*P85+$I$5*Q85+$J$5*R85) -> 0.54713325 | T85: 3 | U85: 1 | V85: 1 | W85: Mevcut
A86: 9946698479 | B86: TWIX CLASSIC 75 GR. | C86: TWIX | D86: Chocolate | E86: 6.1 | F86: 0 | G86: 0 | H86: 0 | I86: 0 | J86: 0 | K86: 0 | L86: =IF(SUM($F$8:$F$86)=0,0,F86/SUM($F$8:$F$86)) -> 0 | M86: =IF(SUM($G$8:$G$86)=0,0,G86/SUM($G$8:$G$86)) -> 0 | N86: =IF(SUM($H$8:$H$86)=0,0,H86/SUM($H$8:$H$86)) -> 0 | O86: =IF(SUM($I$8:$I$86)=0,0,I86/SUM($I$8:$I$86)) -> 0 | P86: =IF(SUM($J$8:$J$86)=0,0,J86/SUM($J$8:$J$86)) -> 0 | Q86: =IF(SUM($K$8:$K$86)=0,0,K86/SUM($K$8:$K$86)) -> 0 | R86: =IF(C86="DELI2GO",0.05,0) -> 0 | S86: =1000*($D$5*L86+$E$5*M86+$F$5*N86+$G$5*O86+$H$5*P86+$I$5*Q86+$J$5*R86) -> 0 | T86: 2 | U86: 0 | V86: 1 | W86: Mevcut
A87: 7030039913 | B87: DELİ2GO SÜTLÜ ÇİKOLATA | C87: DELI2GO | D87: Chocolate | E87: 4.6 | F87: 0 | G87: 0 | H87: 0 | I87: 0 | J87: 0 | K87: 0 | L87: =IF(SUM($F$8:$F$86)=0,0,F87/SUM($F$8:$F$86)) -> 0 | M87: =IF(SUM($G$8:$G$86)=0,0,G87/SUM($G$8:$G$86)) -> 0 | N87: =IF(SUM($H$8:$H$86)=0,0,H87/SUM($H$8:$H$86)) -> 0 | O87: =IF(SUM($I$8:$I$86)=0,0,I87/SUM($I$8:$I$86)) -> 0 | P87: =IF(SUM($J$8:$J$86)=0,0,J87/SUM($J$8:$J$86)) -> 0 | Q87: =IF(SUM($K$8:$K$86)=0,0,K87/SUM($K$8:$K$86)) -> 0 | R87: =IF(C87="DELI2GO",0.05,0) -> 0.05 | S87: =1000*($D$5*L87+$E$5*M87+$F$5*N87+$G$5*O87+$H$5*P87+$I$5*Q87+$J$5*R87) -> 5 | T87: 2 | U87: 0 | V87: 1 | W87: Yeni
A88: 1767950141 | B88: DELİ2GO BİTTER ÇİKOLATA | C88: DELI2GO | D88: Chocolate | E88: 4.6 | F88: 0 | G88: 0 | H88: 0 | I88: 0 | J88: 0 | K88: 0 | L88: =IF(SUM($F$8:$F$86)=0,0,F88/SUM($F$8:$F$86)) -> 0 | M88: =IF(SUM($G$8:$G$86)=0,0,G88/SUM($G$8:$G$86)) -> 0 | N88: =IF(SUM($H$8:$H$86)=0,0,H88/SUM($H$8:$H$86)) -> 0 | O88: =IF(SUM($I$8:$I$86)=0,0,I88/SUM($I$8:$I$86)) -> 0 | P88: =IF(SUM($J$8:$J$86)=0,0,J88/SUM($J$8:$J$86)) -> 0 | Q88: =IF(SUM($K$8:$K$86)=0,0,K88/SUM($K$8:$K$86)) -> 0 | R88: =IF(C88="DELI2GO",0.05,0) -> 0.05 | S88: =1000*($D$5*L88+$E$5*M88+$F$5*N88+$G$5*O88+$H$5*P88+$I$5*Q88+$J$5*R88) -> 5 | T88: 2 | U88: 0 | V88: 1 | W88: Yeni

Sheet DB
A1: Ürün ID | B1: SKU | C1: Marka | D1: Alt Kategori | E1: Genişlik (cm) | F1: SKOR | G1: Yerleşim | H1: Ürün Tipi
A2: 1060269341 | B2: ÜLKER ÇİKOLATALI GOFRET | C2: ÜLKER | D2: Çikolata | E2: 4.8 | F2: =_xlfn.XLOOKUP(A2,Veri_Skor!A:A,Veri_Skor!S:S,"-",0) -> 59.136339 | G2: Serbest | H2: Mevcut
A3: 1110768239 | B3: TADELLE KİNG SİZE | C3: TADELLE | D3: Çikolata | E3: 5.6 | F3: =_xlfn.XLOOKUP(A3,Veri_Skor!A:A,Veri_Skor!S:S,"-",0) -> 56.468986 | G3: Kilitli | H3: Mevcut
A4: 1142203221 | B4: KAHVE DÜNYASI GOFRİK SÜTLÜ | C4: KAHVE DÜNYASI | D4: Çikolata | E4: 4.9 | F4: =_xlfn.XLOOKUP(A4,Veri_Skor!A:A,Veri_Skor!S:S,"-",0) -> 46.826649 | G4: Serbest | H4: Mevcut
A5: 1415162484 | B5: TADELLE FINDIK SÜTLÜ ÇİKOLATA | D5: Çikolata | E5: 4.5 | F5: =_xlfn.XLOOKUP(A5,Veri_Skor!A:A,Veri_Skor!S:S,"-",0) -> 45.287958 | G5: Serbest | H5: Mevcut
A6: 1664693043 | B6: ETİ KARAM GOFRET | C6: ETİ | D6: Çikolata | E6: 4.9 | F6: =_xlfn.XLOOKUP(A6,Veri_Skor!A:A,Veri_Skor!S:S,"-",0) -> 42.451664 | G6: Serbest | H6: Mevcut
A7: 2030509027 | B7: ULKER DIDO 35 GR | C7: ÜLKER | D7: Çikolata | E7: 4.7 | F7: =_xlfn.XLOOKUP(A7,Veri_Skor!A:A,Veri_Skor!S:S,"-",0) -> 29.141789 | G7: Serbest | H7: Mevcut
A8: 2064454438 | B8: ETİ CANGA | C8: ETİ | D8: Çikolata | E8: 5.1 | F8: =_xlfn.XLOOKUP(A8,Veri_Skor!A:A,Veri_Skor!S:S,"-",0) -> 28.24315 | G8: Serbest | H8: Mevcut
A9: 2155500563 | B9: ÜLKER ALBENİ | C9: ÜLKER | D9: Çikolata | E9: 4.9 | F9: =_xlfn.XLOOKUP(A9,Veri_Skor!A:A,Veri_Skor!S:S,"-",0) -> 23.571886 | G9: Serbest | H9: Mevcut
A10: 2461983573 | B10: ÜLKER ÇOKONAT | C10: ÜLKER | D10: Çikolata | E10: 4.9 | F10: =_xlfn.XLOOKUP(A10,Veri_Skor!A:A,Veri_Skor!S:S,"-",0) -> 21.434512 | G10: Serbest | H10: Mevcut
A11: 2766566614 | B11: ETİ BOL ANTEP FISTIKLI ÇİKOLATA BATON | C11: ETİ | D11: Çikolata | E11: 4.9 | F11: =_xlfn.XLOOKUP(A11,Veri_Skor!A:A,Veri_Skor!S:S,"-",0) -> 19.831407 | G11: Serbest | H11: Mevcut
A12: 2813410345 | B12: SNICKERS | C12: SNICKERS | D12: Çikolata | E12: 5.2 | F12: =_xlfn.XLOOKUP(A12,Veri_Skor!A:A,Veri_Skor!S:S,"-",0) -> 18.159962 | G12: Serbest | H12: Mevcut
A13: 2860007896 | B13: ETİ ÇİKOLATALI GOFRET HOŞBEŞ ÇITIRLIĞI | C13: ETİ | D13: Çikolata | E13: 4.9 | F13: =_xlfn.XLOOKUP(A13,Veri_Skor!A:A,Veri_Skor!S:S,"-",0) -> 17.444996 | G13: Serbest | H13: Mevcut
A14: 2931252818 | B14: ÜLKER ÇİKOLATA KADAYIF DUBAİ LEZ | C14: ÜLKER | D14: Çikolata | E14: 6.8 | F14: =_xlfn.XLOOKUP(A14,Veri_Skor!A:A,Veri_Skor!S:S,"-",0) -> 17.153468 | G14: Serbest | H14: Mevcut
A15: 2964723331 | B15: KINDER BUENO T.2 | C15: KINDER | D15: Çikolata | E15: 5 | F15: =_xlfn.XLOOKUP(A15,Veri_Skor!A:A,Veri_Skor!S:S,"-",0) -> 16.771429 | G15: Serbest | H15: Mevcut
A16: 3018807828 | B16: ÜLKER COCO STAR | C16: ÜLKER | D16: Çikolata | E16: 4.8 | F16: =_xlfn.XLOOKUP(A16,Veri_Skor!A:A,Veri_Skor!S:S,"-",0) -> 16.011136 | G16: Serbest | H16: Mevcut
A17: 3231723970 | B17: SNICKERS 2 PACK | C17: SNICKERS | D17: Çikolata | E17: 6.4 | F17: =_xlfn.XLOOKUP(A17,Veri_Skor!A:A,Veri_Skor!S:S,"-",0) -> 15.847042 | G17: Serbest | H17: Mevcut
... A82: 1767950141 | B82: DELİ2GO BİTTER ÇİKOLATA | C82: DELI2GO | D82: Çikolata | E82: 4.6 | F82: =_xlfn.XLOOKUP(A82,Veri_Skor!A:A,Veri_Skor!S:S,"-",0) -> 5 | G82: Serbest | H82: yeni

Sheet 2016 Ihlamur
A2: Ürün ID | B2: SKU | C2: SKOR (x1000) | D2: Genişlik (cm) | E2: Max Facing | F2: Min Facing | G2: Yıllık Satış | H2: Q1 | I2: Q2 | J2: Q3 | K2: Q4 | L2: İst. Toplam
A3: 1060269341 | B3: ÜLKER ÇİKOLATALI GOFRET 36 GR | C3: =_xlfn.XLOOKUP('2016 Ihlamur'!A3,Veri_Skor!A:A,Veri_Skor!S:S,"-",0) -> 59.136339 | D3: 4.8 | E3: 4 | F3: 1 | G3: 348723 | H3: 23719 | I3: 11329 | J3: 21004 | K3: 17712 | L3: 73764
A4: 1110768239 | B4: TADELLE KİNG SİZE 52 GR. | C4: =_xlfn.XLOOKUP('2016 Ihlamur'!A4,Veri_Skor!A:A,Veri_Skor!S:S,"-",0) -> 56.468986 | D4: 5.6 | E4: 4 | F4: 1 | G4: 107616 | H4: 6594 | I4: 4256 | J4: 3483 | K4: 7746 | L4: 22079
A5: 1142203221 | B5: KAHVE DÜNYASI GOFRİK SÜTLÜ | C5: =_xlfn.XLOOKUP('2016 Ihlamur'!A5,Veri_Skor!A:A,Veri_Skor!S:S,"-",0) -> 46.826649 | D5: 4.9 | E5: 4 | F5: 1 | G5: 147194 | H5: 7570 | I5: 2769 | J5: 3579 | K5: 5253 | L5: 19171
A6: 1415162484 | B6: TADELLE FINDIK SÜTLÜ ÇİKOLATA 30 GR. | C6: =_xlfn.XLOOKUP('2016 Ihlamur'!A6,Veri_Skor!A:A,Veri_Skor!S:S,"-",0) -> 45.287958 | D6: 4.5 | E6: 3 | F6: 1 | G6: 126564 | H6: 2326 | I6: 9901 | J6: 2573 | K6: 3539 | L6: 18339
A7: 1664693043 | B7: ETİ KARAM GOFRET | C7: =_xlfn.XLOOKUP('2016 Ihlamur'!A7,Veri_Skor!A:A,Veri_Skor!S:S,"-",0) -> 42.451664 | D7: 4.9 | E7: 3 | F7: 1 | G7: 133104 | H7: 8021 | I7: 6606 | J7: 14293 | K7: 9400 | L7: 38320
A8: 2030509027 | B8: ULKER DIDO 35 GR. (X 24) | C8: =_xlfn.XLOOKUP('2016 Ihlamur'!A8,Veri_Skor!A:A,Veri_Skor!S:S,"-",0) -> 29.141789 | D8: 4.7 | E8: 4 | F8: 1 | G8: 108865 | H8: 6722 | I8: 5730 | J8: 2354 | K8: 3396 | L8: 18202
A9: 2064454438 | B9: ETİ CANGA 45gr | C9: =_xlfn.XLOOKUP('2016 Ihlamur'!A9,Veri_Skor!A:A,Veri_Skor!S:S,"-",0) -> 28.24315 | D9: 5.1 | E9: 3 | F9: 1 | G9: 101588 | H9: 1241 | I9: 2571 | J9: 3081 | K9: 76 | L9: 6969
A10: 2155500563 | B10: ÜLKER ALBENİ | C10: =_xlfn.XLOOKUP('2016 Ihlamur'!A10,Veri_Skor!A:A,Veri_Skor!S:S,"-",0) -> 23.571886 | D10: 4.9 | E10: 4 | F10: 1 | G10: 113921 | H10: 6857 | I10: 7457 | J10: 9545 | K10: 6121 | L10: 29980
A11: 2461983573 | B11: ÜLKER ÇOKONAT | C11: =_xlfn.XLOOKUP('2016 Ihlamur'!A11,Veri_Skor!A:A,Veri_Skor!S:S,"-",0) -> 21.434512 | D11: 4.9 | E11: 4 | F11: 1 | G11: 96479 | H11: 2621 | I11: 4500 | J11: 6336 | K11: 11753 | L11: 25210
A12: 2766566614 | B12: ETİ BOL ANTEP FISTIKLI ÇİKOLATA BATON | C12: =_xlfn.XLOOKUP('2016 Ihlamur'!A12,Veri_Skor!A:A,Veri_Skor!S:S,"-",0) -> 19.831407 | D12: 4.9 | E12: 3 | F12: 1 | G12: 60856 | H12: 547 | I12: 3641 | J12: 2681 | K12: 1037 | L12: 7906
A13: 2813410345 | B13: SNICKERS 50 GR. | C13: =_xlfn.XLOOKUP('2016 Ihlamur'!A13,Veri_Skor!A:A,Veri_Skor!S:S,"-",0) -> 18.159962 | D13: 5.2 | E13: 4 | F13: 1 | G13: 49795 | H13: 8784 | I13: 1375 | J13: 1030 | K13: 3587 | L13: 14776
A14: 2860007896 | B14: ETİ ÇİKOLATALI GOFRET HOŞBEŞ ÇITIRLIĞI | C14: =_xlfn.XLOOKUP('2016 Ihlamur'!A14,Veri_Skor!A:A,Veri_Skor!S:S,"-",0) -> 17.444996 | D14: 4.9 | E14: 3 | F14: 1 | G14: 86848 | H14: 4927 | I14: 3781 | J14: 2135 | K14: 2475 | L14: 13318
... A81: 9946698479 | B81: TWIX CLASSIC 75 GR. | C81: =_xlfn.XLOOKUP('2016 Ihlamur'!A81,Veri_Skor!A:A,Veri_Skor!S:S,"-",0) -> 0 | D81: 6.1 | E81: 2 | F81: 1 | G81: 0 | H81: 0 | I81: 0 | J81: 0 | K81: 0 | L81: 0
A82: 7030039913 | B82: DELİ2GO SÜTLÜ ÇİKOLATA | C82: =_xlfn.XLOOKUP('2016 Ihlamur'!A82,Veri_Skor!A:A,Veri_Skor!S:S,"-",0) -> 5 | D82: 4.6 | E82: 2 | F82: 1 | G82: 1 | L82: 0
A83: 1767950141 | B83: DELİ2GO BİTTER ÇİKOLATA | C83: =_xlfn.XLOOKUP('2016 Ihlamur'!A83,Veri_Skor!A:A,Veri_Skor!S:S,"-",0) -> 5 | D83: 4.6 | E83: 2 | F83: 1 | G83: 1 | L83: 0
B84: TOPLAM | G84: =SUM(F3:F81) -> 79 | H84: =SUM(G3:G81) -> 2656547 | I84: =SUM(H3:H81) -> 143199 | J84: =SUM(I3:I81) -> 127130 | K84: =SUM(J3:J81) -> 133222 | L84: =SUM(K3:K81) -> 133126

Sheet 4161 Bulgurlu
A2: Ürün ID | B2: SKU | C2: SKOR (x1000) | D2: Genişlik (cm) | E2: Max Facing | F2: Min Facing | G2: Yıllık Satış | H2: Q1 | I2: Q2 | J2: Q3 | K2: Q4 | L2: İst. Toplam
A3: 1060269341 | B3: ÜLKER ÇİKOLATALI GOFRET 36 GR | C3: 66.47 | D3: 4.8 | E3: 4 | F3: 1 | G3: 348723 | H3: 3041 | I3: 6706 | J3: 16191 | K3: 29465 | L3: 55403
A4: 1110768239 | B4: TADELLE KİNG SİZE 52 GR. | C4: 62.65 | D4: 5.6 | E4: 4 | F4: 1 | G4: 107616 | H4: 7074 | I4: 6721 | J4: 2269 | K4: 3279 | L4: 19343
A5: 1142203221 | B5: KAHVE DÜNYASI GOFRİK SÜTLÜ | C5: 53.95 | D5: 4.9 | E5: 4 | F5: 1 | G5: 147194 | H5: 8210 | I5: 2525 | J5: 5365 | K5: 6353 | L5: 22453
A6: 1415162484 | B6: TADELLE FINDIK SÜTLÜ ÇİKOLATA 30 GR. | C6: 50.77 | D6: 4.5 | E6: 3 | F6: 1 | G6: 126564 | H6: 10722 | I6: 2838 | J6: 2050 | K6: 7555 | L6: 23165
A7: 1664693043 | B7: ETİ KARAM GOFRET | C7: 47.73 | D7: 4.9 | E7: 3 | F7: 1 | G7: 133104 | H7: 5284 | I7: 4489 | J7: 12475 | K7: 8180 | L7: 30428
A8: 2030509027 | B8: ULKER DIDO 35 GR. (X 24) | C8: 32.55 | D8: 4.7 | E8: 4 | F8: 1 | G8: 108865 | H8: 7763 | I8: 576 | J8: 1793 | K8: 4438 | L8: 14570
A9: 2064454438 | B9: ETİ CANGA 45gr | C9: 31.7 | D9: 5.1 | E9: 3 | F9: 1 | G9: 101588 | H9: 1822 | I9: 8732 | J9: 1307 | K9: 7985 | L9: 19846
A10: 2155500563 | B10: ÜLKER ALBENİ | C10: 26.5 | D10: 4.9 | E10: 4 | F10: 1 | G10: 113921 | H10: 7841 | I10: 7793 | J10: 9987 | K10: 4978 | L10: 30599
A11: 2461983573 | B11: ÜLKER ÇOKONAT | C11: 23.83 | D11: 4.9 | E11: 4 | F11: 1 | G11: 96479 | H11: 4059 | I11: 4434 | J11: 3737 | K11: 5433 | L11: 17663
A12: 2766566614 | B12: ETİ BOL ANTEP FISTIKLI ÇİKOLATA BATON | C12: 22.42 | D12: 4.9 | E12: 3 | F12: 1 | G12: 60856 | H12: 4136 | I12: 1852 | J12: 3908 | K12: 1994 | L12: 11890
A13: 2813410345 | B13: SNICKERS 50 GR. | C13: 20.05 | D13: 5.2 | E13: 4 | F13: 1 | G13: 49795 | H13: 868 | I13: 4258 | J13: 5589 | K13: 2375 | L13: 13090
A14: 2860007896 | B14: ETİ ÇİKOLATALI GOFRET HOŞBEŞ ÇITIRLIĞI | C14: 19.3 | D14: 4.9 | E14: 3 | F14: 1 | G14: 86848 | H14: 1188 | I14: 2174 | J14: 1573 | K14: 8081 | L14: 13016
... A81: 9946698479 | B81: TWIX CLASSIC 75 GR. | C81: 0 | D81: 6.1 | E81: 2 | F81: 1 | G81: 0 | H81: 0 | I81: 0 | J81: 0 | K81: 0 | L81: 0
A82: 7030039913 | B82: DELİ2GO SÜTLÜ ÇİKOLATA | C82: =_xlfn.XLOOKUP('2016 Ihlamur'!A82,Veri_Skor!A:A,Veri_Skor!S:S,"-",0) -> 5 | D82: 4.6 | E82: 2 | F82: 1 | G82: 1 | L82: 0
A83: 1767950141 | B83: DELİ2GO BİTTER ÇİKOLATA | C83: =_xlfn.XLOOKUP('2016 Ihlamur'!A83,Veri_Skor!A:A,Veri_Skor!S:S,"-",0) -> 5 | D83: 4.6 | E83: 2 | F83: 1 | G83: 1 | L83: 0
B84: TOPLAM | G84: =SUM(F3:F81) -> 79 | H84: =SUM(G3:G81) -> 2656547 | I84: =SUM(H3:H81) -> 131319 | J84: =SUM(I3:I81) -> 116637 | K84: =SUM(J3:J81) -> 122136 | L84: =SUM(K3:K81) -> 140712

Sheet 6198 Ataşehir Gümrük
A2: Ürün ID | B2: SKU | C2: SKOR (x1000) | D2: Genişlik (cm) | E2: Max Facing | F2: Min Facing | G2: Yıllık Satış | H2: Q1 | I2: Q2 | J2: Q3 | K2: Q4 | L2: İst. Toplam
A3: 1060269341 | B3: ÜLKER ÇİKOLATALI GOFRET 36 GR | C3: 66.47 | D3: 4.8 | E3: 4 | F3: 1 | G3: 348723 | H3: 13857 | I3: 11212 | J3: 17076 | K3: 10783 | L3: 52928
A4: 1110768239 | B4: TADELLE KİNG SİZE 52 GR. | C4: 62.65 | D4: 5.6 | E4: 4 | F4: 1 | G4: 107616 | H4: 2456 | I4: 2979 | J4: 5301 | K4: 6965 | L4: 17701
A5: 1142203221 | B5: KAHVE DÜNYASI GOFRİK SÜTLÜ | C5: 53.95 | D5: 4.9 | E5: 4 | F5: 1 | G5: 147194 | H5: 14915 | I5: 13712 | J5: 11230 | K5: 2647 | L5: 42504
A6: 1415162484 | B6: TADELLE FINDIK SÜTLÜ ÇİKOLATA 30 GR. | C6: 50.77 | D6: 4.5 | E6: 3 | F6: 1 | G6: 126564 | H6: 6411 | I6: 8562 | J6: 7438 | K6: 6550 | L6: 28961
A7: 1664693043 | B7: ETİ KARAM GOFRET | C7: 47.73 | D7: 4.9 | E7: 3 | F7: 1 | G7: 133104 | H7: 7796 | I7: 6834 | J7: 4955 | K7: 2933 | L7: 22518
A8: 2030509027 | B8: ULKER DIDO 35 GR. (X 24) | C8: 32.55 | D8: 4.7 | E8: 4 | F8: 1 | G8: 108865 | H8: 2399 | I8: 5691 | J8: 3961 | K8: 2511 | L8: 14562
A9: 2064454438 | B9: ETİ CANGA 45gr | C9: 31.7 | D9: 5.1 | E9: 3 | F9: 1 | G9: 101588 | H9: 3424 | I9: 4957 | J9: 12706 | K9: 10115 | L9: 31202
A10: 2155500563 | B10: ÜLKER ALBENİ | C10: 26.5 | D10: 4.9 | E10: 4 | F10: 1 | G10: 113921 | H10: 5134 | I10: 3908 | J10: 2448 | K10: 12316 | L10: 23806
A11: 2461983573 | B11: ÜLKER ÇOKONAT | C11: 23.83 | D11: 4.9 | E11: 4 | F11: 1 | G11: 96479 | H11: 2634 | I11: 4289 | J11: 5813 | K11: 5247 | L11: 17983
A12: 2766566614 | B12: ETİ BOL ANTEP FISTIKLI ÇİKOLATA BATON | C12: 22.42 | D12: 4.9 | E12: 3 | F12: 1 | G12: 60856 | H12: 5247 | I12: 3819 | J12: 7305 | K12: 5484 | L12: 21855
A13: 2813410345 | B13: SNICKERS 50 GR. | C13: 20.05 | D13: 5.2 | E13: 4 | F13: 1 | G13: 49795 | H13: 780 | I13: 1385 | J13: 574 | K13: 477 | L13: 3216
A14: 2860007896 | B14: ETİ ÇİKOLATALI GOFRET HOŞBEŞ ÇITIRLIĞI | C14: 19.3 | D14: 4.9 | E14: 3 | F14: 1 | G14: 86848 | H14: 3401 | I14: 2168 | J14: 1158 | K14: 1013 | L14: 7740
... A81: 9946698479 | B81: TWIX CLASSIC 75 GR. | C81: 0 | D81: 6.1 | E81: 2 | F81: 1 | G81: 0 | H81: 0 | I81: 0 | J81: 0 | K81: 0 | L81: 0
A82: 7030039913 | B82: DELİ2GO SÜTLÜ ÇİKOLATA | C82: =_xlfn.XLOOKUP('2016 Ihlamur'!A82,Veri_Skor!A:A,Veri_Skor!S:S,"-",0) -> 5 | D82: 4.6 | E82: 2 | F82: 1 | G82: 1 | L82: 0
A83: 1767950141 | B83: DELİ2GO BİTTER ÇİKOLATA | C83: =_xlfn.XLOOKUP('2016 Ihlamur'!A83,Veri_Skor!A:A,Veri_Skor!S:S,"-",0) -> 5 | D83: 4.6 | E83: 2 | F83: 1 | G83: 1 | L83: 0
B84: TOPLAM | G84: =SUM(F3:F81) -> 79 | H84: =SUM(G3:G81) -> 2656547 | I84: =SUM(H3:H81) -> 120215 | J84: =SUM(I3:I81) -> 138183 | K84: =SUM(J3:J81) -> 133884 | L84: =SUM(K3:K81) -> 122602

Sheet 6203 Odayeri OHT
A2: Ürün ID | B2: SKU | C2: SKOR (x1000) | D2: Genişlik (cm) | E2: Max Facing | F2: Min Facing | G2: Yıllık Satış | H2: Q1 | I2: Q2 | J2: Q3 | K2: Q4 | L2: İst. Toplam
A3: 1060269341 | B3: ÜLKER ÇİKOLATALI GOFRET 36 GR | C3: 66.47 | D3: 4.8 | E3: 4 | F3: 1 | G3: 348723 | H3: 11292 | I3: 13464 | J3: 6544 | K3: 21628 | L3: 52928
A4: 1110768239 | B4: TADELLE KİNG SİZE 52 GR. | C4: 62.65 | D4: 5.6 | E4: 4 | F4: 1 | G4: 107616 | H4: 3921 | I4: 2073 | J4: 3097 | K4: 7274 | L4: 16365
A5: 1142203221 | B5: KAHVE DÜNYASI GOFRİK SÜTLÜ | C5: 53.95 | D5: 4.9 | E5: 4 | F5: 1 | G5: 147194 | H5: 5178 | I5: 5459 | J5: 17865 | K5: 4667 | L5: 33169
A6: 1415162484 | B6: TADELLE FINDIK SÜTLÜ ÇİKOLATA 30 GR. | C6: 50.77 | D6: 4.5 | E6: 3 | F6: 1 | G6: 126564 | H6: 2974 | I6: 5351 | J6: 5546 | K6: 2902 | L6: 16773
A7: 1664693043 | B7: ETİ KARAM GOFRET | C7: 47.73 | D7: 4.9 | E7: 3 | F7: 1 | G7: 133104 | H7: 2364 | I7: 8159 | J7: 2975 | K7: 3949 | L7: 17447
A8: 2030509027 | B8: ULKER DIDO 35 GR. (X 24) | C8: 32.55 | D8: 4.7 | E8: 4 | F8: 1 | G8: 108865 | H8: 1035 | I8: 5739 | J8: 3020 | K8: 4776 | L8: 14570
A9: 2064454438 | B9: ETİ CANGA 45gr | C9: 31.7 | D9: 5.1 | E9: 3 | F9: 1 | G9: 101588 | H9: 3669 | I9: 10886 | J9: 1958 | K9: 4269 | L9: 20782
A10: 2155500563 | B10: ÜLKER ALBENİ | C10: 26.5 | D10: 4.9 | E10: 4 | F10: 1 | G10: 113921 | H10: 5200 | I10: 4311 | J10: 2730 | K10: 1499 | L10: 13740
A11: 2461983573 | B11: ÜLKER ÇOKONAT | C11: 23.83 | D11: 4.9 | E11: 4 | F11: 1 | G11: 96479 | H11: 3981 | I11: 4010 | J11: 5282 | K11: 11789 | L11: 25062
A12: 2766566614 | B12: ETİ BOL ANTEP FISTIKLI ÇİKOLATA BATON | C12: 22.42 | D12: 4.9 | E12: 3 | F12: 1 | G12: 60856 | H12: 1474 | I12: 354 | J12: 2190 | K12: 2495 | L12: 6513
A13: 2813410345 | B13: SNICKERS 50 GR. | C13: 20.05 | D13: 5.2 | E13: 4 | F13: 1 | G13: 49795 | H13: 1317 | I13: 690 | J13: 3875 | K13: 1438 | L13: 7320
A14: 2860007896 | B14: ETİ ÇİKOLATALI GOFRET HOŞBEŞ ÇITIRLIĞI | C14: 19.3 | D14: 4.9 | E14: 3 | F14: 1 | G14: 86848 | H14: 6280 | I14: 11892 | J14: 2580 | K14: 9802 | L14: 30554
... A81: 9946698479 | B81: TWIX CLASSIC 75 GR. | C81: 0 | D81: 6.1 | E81: 2 | F81: 1 | G81: 0 | H81: 0 | I81: 0 | J81: 0 | K81: 0 | L81: 0
A82: 7030039913 | B82: DELİ2GO SÜTLÜ ÇİKOLATA | C82: =_xlfn.XLOOKUP('2016 Ihlamur'!A82,Veri_Skor!A:A,Veri_Skor!S:S,"-",0) -> 5 | D82: 4.6 | E82: 2 | F82: 1 | G82: 1 | L82: 0
A83: 1767950141 | B83: DELİ2GO BİTTER ÇİKOLATA | C83: =_xlfn.XLOOKUP('2016 Ihlamur'!A83,Veri_Skor!A:A,Veri_Skor!S:S,"-",0) -> 5 | D83: 4.6 | E83: 2 | F83: 1 | G83: 1 | L83: 0
B84: TOPLAM | G84: =SUM(F3:F81) -> 79 | H84: =SUM(G3:G81) -> 2656547 | I84: =SUM(H3:H81) -> 114340 | J84: =SUM(I3:I81) -> 133203 | K84: =SUM(J3:J81) -> 121140 | L84: =SUM(K3:K81) -> 133995

Sheet 6240 Acıbadem
A2: Ürün ID | B2: SKU | C2: SKOR (x1000) | D2: Genişlik (cm) | E2: Max Facing | F2: Min Facing | G2: Yıllık Satış | H2: Q1 | I2: Q2 | J2: Q3 | K2: Q4 | L2: İst. Toplam
A3: 1060269341 | B3: ÜLKER ÇİKOLATALI GOFRET 36 GR | C3: 66.47 | D3: 4.8 | E3: 4 | F3: 1 | G3: 348723 | H3: 13908 | I3: 12726 | J3: 36987 | K3: 50079 | L3: 113700
A4: 1110768239 | B4: TADELLE KİNG SİZE 52 GR. | C4: 62.65 | D4: 5.6 | E4: 4 | F4: 1 | G4: 107616 | H4: 8492 | I4: 6668 | J4: 7019 | K4: 9949 | L4: 32128
A5: 1142203221 | B5: KAHVE DÜNYASI GOFRİK SÜTLÜ | C5: 53.95 | D5: 4.9 | E5: 4 | F5: 1 | G5: 147194 | H5: 5310 | I5: 8326 | J5: 6812 | K5: 9449 | L5: 29897
A6: 1415162484 | B6: TADELLE FINDIK SÜTLÜ ÇİKOLATA 30 GR. | C6: 50.77 | D6: 4.5 | E6: 3 | F6: 1 | G6: 126564 | H6: 17174 | I6: 8603 | J6: 3352 | K6: 10197 | L6: 39326
A7: 1664693043 | B7: ETİ KARAM GOFRET | C7: 47.73 | D7: 4.9 | E7: 3 | F7: 1 | G7: 133104 | H7: 6075 | I7: 5737 | J7: 2495 | K7: 10084 | L7: 24391
A8: 2030509027 | B8: ULKER DIDO 35 GR. (X 24) | C8: 32.55 | D8: 4.7 | E8: 4 | F8: 1 | G8: 108865 | H8: 14460 | I8: 17555 | J8: 7934 | K8: 7012 | L8: 46961
A9: 2064454438 | B9: ETİ CANGA 45gr | C9: 31.7 | D9: 5.1 | E9: 3 | F9: 1 | G9: 101588 | H9: 8143 | I9: 6849 | J9: 3853 | K9: 3944 | L9: 22789
A10: 2155500563 | B10: ÜLKER ALBENİ | C10: 26.5 | D10: 4.9 | E10: 4 | F10: 1 | G10: 113921 | H10: 5916 | I10: 3130 | J10: 4373 | K10: 2377 | L10: 15796
A11: 2461983573 | B11: ÜLKER ÇOKONAT | C11: 23.83 | D11: 4.9 | E11: 4 | F11: 1 | G11: 96479 | H11: 1441 | I11: 7285 | J11: 1399 | K11: 436 | L11: 10561
A12: 2766566614 | B12: ETİ BOL ANTEP FISTIKLI ÇİKOLATA BATON | C12: 22.42 | D12: 4.9 | E12: 3 | F12: 1 | G12: 60856 | H12: 1724 | I12: 4610 | J12: 4028 | K12: 2330 | L12: 12692
A13: 2813410345 | B13: SNICKERS 50 GR. | C13: 20.05 | D13: 5.2 | E13: 4 | F13: 1 | G13: 49795 | H13: 2009 | I13: 3630 | J13: 2976 | K13: 2778 | L13: 11393
A14: 2860007896 | B14: ETİ ÇİKOLATALI GOFRET HOŞBEŞ ÇITIRLIĞI | C14: 19.3 | D14: 4.9 | E14: 3 | F14: 1 | G14: 86848 | H14: 4854 | I14: 5436 | J14: 7668 | K14: 4262 | L14: 22220
... A81: 9946698479 | B81: TWIX CLASSIC 75 GR. | C81: 0 | D81: 6.1 | E81: 2 | F81: 1 | G81: 0 | H81: 0 | I81: 0 | J81: 0 | K81: 0 | L81: 0
A82: 7030039913 | B82: DELİ2GO SÜTLÜ ÇİKOLATA | C82: =_xlfn.XLOOKUP('2016 Ihlamur'!A82,Veri_Skor!A:A,Veri_Skor!S:S,"-",0) -> 5 | D82: 4.6 | E82: 2 | F82: 1 | G82: 1 | L82: 0
A83: 1767950141 | B83: DELİ2GO BİTTER ÇİKOLATA | C83: =_xlfn.XLOOKUP('2016 Ihlamur'!A83,Veri_Skor!A:A,Veri_Skor!S:S,"-",0) -> 5 | D83: 4.6 | E83: 2 | F83: 1 | G83: 1 | L83: 0
B84: TOPLAM | G84: =SUM(F3:F81) -> 79 | H84: =SUM(G3:G81) -> 2656547 | I84: =SUM(H3:H81) -> 137407 | J84: =SUM(I3:I81) -> 143076 | K84: =SUM(J3:J81) -> 147306 | L84: =SUM(K3:K81) -> 163715

Sheet İstasyon Özet
A1: SHELL İstasyon Bazlı Satış Özeti
A2: İstasyon | B2: ID | C2: Q1 | D2: Q2 | E2: Q3 | F2: Q4 | G2: TOPLAM
A3: Ihlamur | B3: 2016 | C3: 143199 | D3: 127130 | E3: 133222 | F3: 133126 | G3: 536677
A4: Bulgurlu | B4: 4161 | C4: 131319 | D4: 116637 | E4: 122136 | F4: 140712 | G4: 510804
A5: Ataşehir Gümrük | B5: 6198 | C5: 120215 | D5: 138183 | E5: 133884 | F5: 122602 | G5: 514884
A6: Odayeri OHT | B6: 6203 | C6: 114340 | D6: 133203 | E6: 121140 | F6: 133995 | G6: 502678
A7: Acıbadem | B7: 6240 | C7: 137407 | D7: 143076 | E7: 147306 | F7: 163715 | G7: 591504
A8: GENEL TOPLAM | C8: =SUM(C3:C7) -> 646480 | D8: =SUM(D3:D7) -> 658229 | E8: =SUM(E3:E7) -> 657688 | F8: =SUM(F3:F7) -> 694150 | G8: =SUM(G3:G7) -> 2656547
